shape,sigma,noise,seed,method,overall,near,smooth,time
plane,0.5,gauss,7,Bilateral,12.457339314273707,nan,12.457339314273707,0.68721604347229
plane,0.5,gauss,7,MLS,33.09701423703727,nan,33.09701423703727,0.5507631301879883
plane,0.5,gauss,7,GLR,44.375688723280504,nan,44.375688723280504,0.6248619556427002
plane,0.5,gauss,7,Prior-v1,11.366230677122402,nan,11.366230677122402,4.814567804336548
plane,0.5,gauss,7,Prior-v2,46.02941945074629,nan,46.02941945074629,4.769052743911743
plane,0.5,gauss,19,Bilateral,12.631535821794504,nan,12.631535821794504,0.7233834266662598
plane,0.5,gauss,19,MLS,33.06733679358332,nan,33.06733679358332,0.5703623294830322
plane,0.5,gauss,19,GLR,44.22523967011626,nan,44.22523967011626,0.6232826709747314
plane,0.5,gauss,19,Prior-v1,11.489875734424027,nan,11.489875734424027,4.8401734828948975
plane,0.5,gauss,19,Prior-v2,47.20228674818031,nan,47.20228674818031,4.81215763092041
plane,0.5,gauss,101,Bilateral,12.597003829462938,nan,12.597003829462938,0.7154831886291504
plane,0.5,gauss,101,MLS,33.288313732794975,nan,33.288313732794975,0.5571563243865967
plane,0.5,gauss,101,GLR,44.523309542306286,nan,44.523309542306286,0.6360163688659668
plane,0.5,gauss,101,Prior-v1,11.559504812199673,nan,11.559504812199673,4.836819887161255
plane,0.5,gauss,101,Prior-v2,47.037524220475014,nan,47.037524220475014,4.8433613777160645
plane,1.0,gauss,7,Bilateral,6.422215352357174,nan,6.422215352357174,0.7485275268554688
plane,1.0,gauss,7,MLS,18.857616507434784,nan,18.857616507434784,0.5705938339233398
plane,1.0,gauss,7,GLR,26.67037303157057,nan,26.67037303157057,0.6236095428466797
plane,1.0,gauss,7,Prior-v1,4.59292053473842,nan,4.59292053473842,4.639670133590698
plane,1.0,gauss,7,Prior-v2,34.60123019592069,nan,34.60123019592069,4.6145548820495605
plane,1.0,gauss,19,Bilateral,6.479179963040127,nan,6.479179963040127,0.7164416313171387
plane,1.0,gauss,19,MLS,18.753425847124326,nan,18.753425847124326,0.5693552494049072
plane,1.0,gauss,19,GLR,26.57025285396739,nan,26.57025285396739,0.6201493740081787
plane,1.0,gauss,19,Prior-v1,4.588784430297488,nan,4.588784430297488,4.6013617515563965
plane,1.0,gauss,19,Prior-v2,33.93735035849179,nan,33.93735035849179,4.553429365158081
plane,1.0,gauss,101,Bilateral,6.666463794290123,nan,6.666463794290123,0.695122241973877
plane,1.0,gauss,101,MLS,19.575349451501477,nan,19.575349451501477,0.5661234855651855
plane,1.0,gauss,101,GLR,27.602557530266292,nan,27.602557530266292,0.6233158111572266
plane,1.0,gauss,101,Prior-v1,4.660687986556611,nan,4.660687986556611,4.611230134963989
plane,1.0,gauss,101,Prior-v2,35.53901865972768,nan,35.53901865972768,4.567058801651001
plane,1.0,laplace,7,Bilateral,6.422451361159109,nan,6.422451361159109,0.6958432197570801
plane,1.0,laplace,7,MLS,17.005170063086304,nan,17.005170063086304,0.5556697845458984
plane,1.0,laplace,7,GLR,23.463183274836652,nan,23.463183274836652,0.6187105178833008
plane,1.0,laplace,7,Prior-v1,4.907974164505324,nan,4.907974164505324,4.69950270652771
plane,1.0,laplace,7,Prior-v2,24.361498291152685,nan,24.361498291152685,4.66744327545166
plane,1.0,laplace,19,Bilateral,6.378510891157763,nan,6.378510891157763,0.6976745128631592
plane,1.0,laplace,19,MLS,16.944005408276862,nan,16.944005408276862,0.5788383483886719
plane,1.0,laplace,19,GLR,23.363439447840506,nan,23.363439447840506,0.6359696388244629
plane,1.0,laplace,19,Prior-v1,4.81193795922219,nan,4.81193795922219,4.684768199920654
plane,1.0,laplace,19,Prior-v2,24.636140103056427,nan,24.636140103056427,4.602993965148926
plane,1.0,laplace,101,Bilateral,6.175092708208673,nan,6.175092708208673,0.7136459350585938
plane,1.0,laplace,101,MLS,16.400877304080797,nan,16.400877304080797,0.5548379421234131
plane,1.0,laplace,101,GLR,22.65115483768747,nan,22.65115483768747,0.6141970157623291
plane,1.0,laplace,101,Prior-v1,4.677243123894392,nan,4.677243123894392,4.677612781524658
plane,1.0,laplace,101,Prior-v2,24.537861554182104,nan,24.537861554182104,4.61979866027832
plane,1.0,outlier,7,Bilateral,3.240522203152285,nan,3.240522203152285,0.7383604049682617
plane,1.0,outlier,7,MLS,8.82552732345776,nan,8.82552732345776,0.5631051063537598
plane,1.0,outlier,7,GLR,12.231458422594388,nan,12.231458422594388,0.6363270282745361
plane,1.0,outlier,7,Prior-v1,1.9819182289190773,nan,1.9819182289190773,4.583714008331299
plane,1.0,outlier,7,Prior-v2,13.25991382665328,nan,13.25991382665328,4.59449577331543
plane,1.0,outlier,19,Bilateral,3.1583824781376557,nan,3.1583824781376557,0.7212297916412354
plane,1.0,outlier,19,MLS,8.510089810129628,nan,8.510089810129628,0.5640738010406494
plane,1.0,outlier,19,GLR,11.747624192469274,nan,11.747624192469274,0.6336066722869873
plane,1.0,outlier,19,Prior-v1,1.9995740311038457,nan,1.9995740311038457,4.623106241226196
plane,1.0,outlier,19,Prior-v2,12.317622963224629,nan,12.317622963224629,4.63098669052124
plane,1.0,outlier,101,Bilateral,3.2632082343487467,nan,3.2632082343487467,0.7198517322540283
plane,1.0,outlier,101,MLS,8.924923911698833,nan,8.924923911698833,0.5748245716094971
plane,1.0,outlier,101,GLR,12.313070828352279,nan,12.313070828352279,0.6288669109344482
plane,1.0,outlier,101,Prior-v1,2.000840142412441,nan,2.000840142412441,4.637428522109985
plane,1.0,outlier,101,Prior-v2,13.859083812792905,nan,13.859083812792905,4.8029539585113525
sphere,0.5,gauss,7,Bilateral,17.63497751844839,nan,17.63497751844839,0.6935830116271973
sphere,0.5,gauss,7,MLS,40.326020290930956,nan,40.326020290930956,0.5503945350646973
sphere,0.5,gauss,7,GLR,49.085770345166566,nan,49.085770345166566,0.6168484687805176
sphere,0.5,gauss,7,Prior-v1,16.301448415528263,nan,16.301448415528263,4.837832689285278
sphere,0.5,gauss,7,Prior-v2,44.351750290178195,nan,44.351750290178195,4.791826486587524
sphere,0.5,gauss,19,Bilateral,17.840830820089714,nan,17.840830820089714,0.731377124786377
sphere,0.5,gauss,19,MLS,40.479842466104344,nan,40.479842466104344,0.565922737121582
sphere,0.5,gauss,19,GLR,48.977558796968324,nan,48.977558796968324,0.6193230152130127
sphere,0.5,gauss,19,Prior-v1,16.506721568828407,nan,16.506721568828407,4.870534896850586
sphere,0.5,gauss,19,Prior-v2,44.766471270703136,nan,44.766471270703136,4.838428258895874
sphere,0.5,gauss,101,Bilateral,17.790531387669397,nan,17.790531387669397,0.7071475982666016
sphere,0.5,gauss,101,MLS,40.91787202531536,nan,40.91787202531536,0.5550134181976318
sphere,0.5,gauss,101,GLR,49.79658606721073,nan,49.79658606721073,0.6379954814910889
sphere,0.5,gauss,101,Prior-v1,16.599809185032356,nan,16.599809185032356,4.863942861557007
sphere,0.5,gauss,101,Prior-v2,43.36209553353514,nan,43.36209553353514,4.760078191757202
sphere,1.0,gauss,7,Bilateral,11.194973575266165,nan,11.194973575266165,0.7296082973480225
sphere,1.0,gauss,7,MLS,30.698717782225504,nan,30.698717782225504,0.5589697360992432
sphere,1.0,gauss,7,GLR,41.63977778646737,nan,41.63977778646737,0.6192569732666016
sphere,1.0,gauss,7,Prior-v1,10.197408611947644,nan,10.197408611947644,4.773452043533325
sphere,1.0,gauss,7,Prior-v2,47.310891990536405,nan,47.310891990536405,4.73914098739624
sphere,1.0,gauss,19,Bilateral,11.247638781441061,nan,11.247638781441061,0.7075650691986084
sphere,1.0,gauss,19,MLS,30.584500004126703,nan,30.584500004126703,0.5556380748748779
sphere,1.0,gauss,19,GLR,41.49133695396906,nan,41.49133695396906,0.613044261932373
sphere,1.0,gauss,19,Prior-v1,10.183873548764744,nan,10.183873548764744,4.787948131561279
sphere,1.0,gauss,19,Prior-v2,46.64037778782926,nan,46.64037778782926,4.718810796737671
sphere,1.0,gauss,101,Bilateral,11.120152754554358,nan,11.120152754554358,0.7250323295593262
sphere,1.0,gauss,101,MLS,30.414664058190898,nan,30.414664058190898,0.573890209197998
sphere,1.0,gauss,101,GLR,41.34134552140195,nan,41.34134552140195,0.6251373291015625
sphere,1.0,gauss,101,Prior-v1,10.013122243723005,nan,10.013122243723005,4.7937328815460205
sphere,1.0,gauss,101,Prior-v2,45.34187511831185,nan,45.34187511831185,4.792001247406006
cylinder,0.5,gauss,7,Bilateral,14.956088911871113,nan,14.956088911871113,0.6919379234313965
cylinder,0.5,gauss,7,MLS,37.402606388206614,nan,37.402606388206614,0.5719573497772217
cylinder,0.5,gauss,7,GLR,48.419335358514445,nan,48.419335358514445,0.6310486793518066
cylinder,0.5,gauss,7,Prior-v1,13.825178601913812,nan,13.825178601913812,4.834733486175537
cylinder,0.5,gauss,7,Prior-v2,47.39836589361096,nan,47.39836589361096,4.824335336685181
cylinder,0.5,gauss,19,Bilateral,14.809564319038449,nan,14.809564319038449,0.7325022220611572
cylinder,0.5,gauss,19,MLS,37.1474382081551,nan,37.1474382081551,0.5738611221313477
cylinder,0.5,gauss,19,GLR,48.36368073133029,nan,48.36368073133029,0.6159369945526123
cylinder,0.5,gauss,19,Prior-v1,13.59002789509124,nan,13.59002789509124,4.81428599357605
cylinder,0.5,gauss,19,Prior-v2,46.2745605922427,nan,46.2745605922427,4.759909629821777
cylinder,0.5,gauss,101,Bilateral,14.730080465483574,nan,14.730080465483574,0.7021644115447998
cylinder,0.5,gauss,101,MLS,37.056351714702465,nan,37.056351714702465,0.5727217197418213
cylinder,0.5,gauss,101,GLR,48.234545217377914,nan,48.234545217377914,0.6172127723693848
cylinder,0.5,gauss,101,Prior-v1,13.520102805257462,nan,13.520102805257462,4.796302318572998
cylinder,0.5,gauss,101,Prior-v2,47.960020398413995,nan,47.960020398413995,4.765718698501587
cylinder,1.0,gauss,7,Bilateral,8.202508183789426,nan,8.202508183789426,0.7408139705657959
cylinder,1.0,gauss,7,MLS,23.640485576959502,nan,23.640485576959502,0.5527019500732422
cylinder,1.0,gauss,7,GLR,33.186501902261824,nan,33.186501902261824,0.6187424659729004
cylinder,1.0,gauss,7,Prior-v1,6.718524058250141,nan,6.718524058250141,4.599695682525635
cylinder,1.0,gauss,7,Prior-v2,40.977891598459756,nan,40.977891598459756,4.653323650360107
cylinder,1.0,gauss,19,Bilateral,8.249279301687062,nan,8.249279301687062,0.7231802940368652
cylinder,1.0,gauss,19,MLS,23.948391072370324,nan,23.948391072370324,0.563906192779541
cylinder,1.0,gauss,19,GLR,33.647828581616515,nan,33.647828581616515,0.6197164058685303
cylinder,1.0,gauss,19,Prior-v1,6.754065263691067,nan,6.754065263691067,4.596709489822388
cylinder,1.0,gauss,19,Prior-v2,40.37896612042577,nan,40.37896612042577,4.563975095748901
cylinder,1.0,gauss,101,Bilateral,8.111713904045937,nan,8.111713904045937,0.714146614074707
cylinder,1.0,gauss,101,MLS,23.297526906658383,nan,23.297526906658383,0.5686216354370117
cylinder,1.0,gauss,101,GLR,32.603239062945576,nan,32.603239062945576,0.6148502826690674
cylinder,1.0,gauss,101,Prior-v1,6.557996867349547,nan,6.557996867349547,4.578830718994141
cylinder,1.0,gauss,101,Prior-v2,40.168870743012306,nan,40.168870743012306,4.586468935012817
ridge90,0.5,gauss,7,Bilateral,14.212818573750319,11.869637085765206,14.324953324396084,0.7001044750213623
ridge90,0.5,gauss,7,MLS,35.97514010430408,28.673608321942957,36.34031194025498,0.5688900947570801
ridge90,0.5,gauss,7,GLR,46.98111395573675,34.54766292610589,47.64061097555617,0.6269431114196777
ridge90,0.5,gauss,7,Prior-v1,13.084601628981197,10.748514548288357,13.196371635090598,4.821530342102051
ridge90,0.5,gauss,7,Prior-v2,46.455069212745435,30.269700446417847,47.34144732237541,4.7490363121032715
ridge90,0.5,gauss,19,Bilateral,14.185800410448579,11.363004565513023,14.34363691228695,0.7119128704071045
ridge90,0.5,gauss,19,MLS,35.81031866048934,28.44528019077658,36.23975670130155,0.5456759929656982
ridge90,0.5,gauss,19,GLR,46.87959810171415,35.33651412606281,47.58764833827115,0.615297794342041
ridge90,0.5,gauss,19,Prior-v1,13.059811286234124,10.21363144234918,13.218942296875191,4.8022894859313965
ridge90,0.5,gauss,19,Prior-v2,45.801907687977625,30.713239446358298,46.754988340816375,4.840312242507935
ridge90,0.5,gauss,101,Bilateral,14.149862997479644,11.997258711908731,14.254247972509793,0.7305071353912354
ridge90,0.5,gauss,101,MLS,35.6825535001242,28.09587486220805,36.06824644516203,0.577721357345581
ridge90,0.5,gauss,101,GLR,46.55327099359282,33.33710470480702,47.26883416044723,0.6436035633087158
ridge90,0.5,gauss,101,Prior-v1,12.933910483284905,10.734593361365107,13.040570978627485,4.818539381027222
ridge90,0.5,gauss,101,Prior-v2,47.77934876935145,33.49081214797521,48.56267685584504,4.7321457862854
ridge90,1.0,gauss,7,Bilateral,7.707236498372627,6.877650723972706,7.744209396460744,0.7109127044677734
ridge90,1.0,gauss,7,MLS,22.11955440833313,19.190681119035602,22.2520338009353,0.5681233406066895
ridge90,1.0,gauss,7,GLR,31.054155456536403,26.320333531474727,31.27169812552203,0.6241538524627686
ridge90,1.0,gauss,7,Prior-v1,6.012553765140282,4.954091338008871,6.059782997789343,4.557769775390625
ridge90,1.0,gauss,7,Prior-v2,38.17028371207491,32.98154931158955,38.410578799946826,4.5373616218566895
ridge90,1.0,gauss,19,Bilateral,7.6059158412871035,5.749404915829981,7.707019286187878,0.7147150039672852
ridge90,1.0,gauss,19,MLS,21.918616956064984,16.840677488906273,22.20166614232515,0.5702426433563232
ridge90,1.0,gauss,19,GLR,30.76276294920568,23.122081144488405,31.19859182517675,0.6179120540618896
ridge90,1.0,gauss,19,Prior-v1,5.9998373928565,3.8766696598290906,6.115613337282522,4.6166791915893555
ridge90,1.0,gauss,19,Prior-v2,36.79588809284142,26.087915270285766,37.42492560834123,4.619333982467651
ridge90,1.0,gauss,101,Bilateral,7.588924963731802,6.557765804590588,7.637357407584988,0.7110655307769775
ridge90,1.0,gauss,101,MLS,21.939618927854188,17.8128252417877,22.137669166632257,0.5518035888671875
ridge90,1.0,gauss,101,GLR,30.807228657981035,24.291944745881278,31.126527450975416,0.6321663856506348
ridge90,1.0,gauss,101,Prior-v1,6.010683083148138,4.785498980554726,6.068284934018331,4.569867849349976
ridge90,1.0,gauss,101,Prior-v2,38.10335606147041,32.46380350094624,38.379313313531114,4.530683517456055
ridge90,1.0,laplace,7,Bilateral,7.762960111886475,7.047927576144697,7.797427673662261,0.7132759094238281
ridge90,1.0,laplace,7,MLS,21.106469295151264,18.498733891228746,21.233836209557587,0.5557272434234619
ridge90,1.0,laplace,7,GLR,29.170761175254967,24.911649361115074,29.381699163610797,0.6280930042266846
ridge90,1.0,laplace,7,Prior-v1,6.180578714720786,5.492937436923362,6.21371858548514,4.595818042755127
ridge90,1.0,laplace,7,Prior-v2,33.198873449175125,28.16472159832696,33.450137796000604,4.628870964050293
ridge90,1.0,laplace,19,Bilateral,7.7808164769631265,7.126750444140995,7.814067829994265,0.7072153091430664
ridge90,1.0,laplace,19,MLS,21.282029881647844,19.056529106241204,21.3964260876363,0.5692062377929688
ridge90,1.0,laplace,19,GLR,29.37056241331808,25.296140545038337,29.583200787716592,0.6216788291931152
ridge90,1.0,laplace,19,Prior-v1,6.328642843187904,5.386744736007398,6.3766012957855995,4.6200995445251465
ridge90,1.0,laplace,19,Prior-v2,34.121818631755474,32.102522901553165,34.22574365873135,4.618616104125977
ridge90,1.0,laplace,101,Bilateral,7.629548292859845,6.12516801936398,7.705122259397045,0.6939036846160889
ridge90,1.0,laplace,101,MLS,20.669253858687718,15.995191782382868,20.90928957797493,0.5513603687286377
ridge90,1.0,laplace,101,GLR,28.421492376944514,21.585661630496734,28.779135779447607,0.6162083148956299
ridge90,1.0,laplace,101,Prior-v1,6.112129173964453,4.548830048823049,6.190677900421004,4.518082618713379
ridge90,1.0,laplace,101,Prior-v2,34.02360836099627,26.667266933547594,34.41159467800641,4.565741777420044
ridge90,1.0,outlier,7,Bilateral,3.8008635779528066,2.8904789218656357,3.8485229985958047,0.7157154083251953
ridge90,1.0,outlier,7,MLS,10.246597630495147,7.697294498513518,10.381381565887636,0.567760705947876
ridge90,1.0,outlier,7,GLR,13.97299123770146,9.873966816293478,14.191880673759783,0.636857271194458
ridge90,1.0,outlier,7,Prior-v1,2.6245312775574514,1.8899688213393717,2.6629475742631192,4.513089418411255
ridge90,1.0,outlier,7,Prior-v2,14.867503246204695,11.923356635655868,15.023663128153974,4.5354392528533936
ridge90,1.0,outlier,19,Bilateral,3.530470784091888,2.9633434830145577,3.55925042232359,0.7132987976074219
ridge90,1.0,outlier,19,MLS,9.432603337747537,8.276473813156205,9.491484469121902,0.576988697052002
ridge90,1.0,outlier,19,GLR,12.90855542566296,11.415639302508861,12.984762837977238,0.6367058753967285
ridge90,1.0,outlier,19,Prior-v1,2.465137737167389,1.7491905681539799,2.501497267096542,4.515408277511597
ridge90,1.0,outlier,19,Prior-v2,13.595084677762747,11.532618971312814,13.700734845551189,4.576878786087036
ridge90,1.0,outlier,101,Bilateral,3.8102872672446386,3.207727480569711,3.8433759887410934,0.7173740863800049
ridge90,1.0,outlier,101,MLS,10.28718868647125,8.367330443251308,10.393455026036024,0.5977985858917236
ridge90,1.0,outlier,101,GLR,14.137363375076673,11.411101911757616,14.289082015517529,0.6457908153533936
ridge90,1.0,outlier,101,Prior-v1,2.686413305980062,2.072033513599103,2.7201519780510997,4.620486736297607
ridge90,1.0,outlier,101,Prior-v2,15.73848268139918,13.559596764988113,15.859367638352973,4.762982606887817
ridge120,0.5,gauss,7,Bilateral,13.038698975263252,12.17085672083874,13.094887545774569,0.6920251846313477
ridge120,0.5,gauss,7,MLS,34.03599750778113,31.35877451538026,34.21215249893521,0.5632157325744629
ridge120,0.5,gauss,7,GLR,45.13918325322095,39.751594435611814,45.50441249511499,0.6046743392944336
ridge120,0.5,gauss,7,Prior-v1,12.017144084330623,11.572909000251686,12.045831001604036,4.723817825317383
ridge120,0.5,gauss,7,Prior-v2,47.355005182962,38.527603239239724,47.9748272296363,4.73634147644043
ridge120,0.5,gauss,19,Bilateral,13.288248717412788,11.580876989917755,13.415151729539321,0.7179670333862305
ridge120,0.5,gauss,19,MLS,34.49530142195616,30.49217706349826,34.79942577096988,0.5746996402740479
ridge120,0.5,gauss,19,GLR,45.7370820175675,40.04877680758984,46.17917494075237,0.6212403774261475
ridge120,0.5,gauss,19,Prior-v1,12.212051828696035,10.622107339338182,12.330127491159004,4.759912490844727
ridge120,0.5,gauss,19,Prior-v2,47.07854015946553,38.84717621500104,47.735095411247876,4.68187403678894
ridge120,0.5,gauss,101,Bilateral,13.297271857242531,12.938489589792034,13.32013081587904,0.7128984928131104
ridge120,0.5,gauss,101,MLS,34.42693637617814,32.37565372709662,34.559515655194815,0.5619118213653564
ridge120,0.5,gauss,101,GLR,45.4486297065287,40.679660761501545,45.76598104877677,0.6164858341217041
ridge120,0.5,gauss,101,Prior-v1,12.146251236767181,11.702819967985011,12.174517044647825,4.7431089878082275
ridge120,0.5,gauss,101,Prior-v2,46.78139826357495,37.49520744499096,47.427169721088006,4.788372755050659
ridge120,1.0,gauss,7,Bilateral,6.99151821725974,6.960096508452674,6.993488537683723,0.714543342590332
ridge120,1.0,gauss,7,MLS,20.33845359284866,20.30739497932743,20.340401198976966,0.5645637512207031
ridge120,1.0,gauss,7,GLR,28.71480646799419,28.302497306836827,28.740735436179676,0.6182260513305664
ridge120,1.0,gauss,7,Prior-v1,5.226612694578292,5.573509146348221,5.2049065003057615,4.532227516174316
ridge120,1.0,gauss,7,Prior-v2,36.917257008414175,36.37408421885302,36.9514668146973,4.559660911560059
ridge120,1.0,gauss,19,Bilateral,6.916608521730849,5.856683626797965,6.994909000611715,0.7279500961303711
ridge120,1.0,gauss,19,MLS,20.003943570119333,16.883093956319208,20.23790232534397,0.5610618591308594
ridge120,1.0,gauss,19,GLR,28.207128688271077,23.69662471657844,28.54953021936273,0.6307573318481445
ridge120,1.0,gauss,19,Prior-v1,5.0936670070377055,4.094056850513816,5.167478113555013,4.516817331314087
ridge120,1.0,gauss,19,Prior-v2,35.677155937427486,30.96318918655677,36.03696586779225,4.642145156860352
ridge120,1.0,gauss,101,Bilateral,6.953313918961568,6.4439879174230335,6.985213283692982,0.7119419574737549
ridge120,1.0,gauss,101,MLS,20.23720191120477,18.847652537794414,20.324781669880476,0.581202507019043
ridge120,1.0,gauss,101,GLR,28.42999857573546,26.27655609434204,28.56663225103775,0.6272997856140137
ridge120,1.0,gauss,101,Prior-v1,5.127085028668299,4.836887874750639,5.145236971761646,4.558383464813232
ridge120,1.0,gauss,101,Prior-v2,36.302418808318585,34.331141451962765,36.42755067777813,4.594486951828003
step,0.5,gauss,7,Bilateral,12.959199205786886,11.233351860579843,13.190910972909254,0.6818351745605469
step,0.5,gauss,7,MLS,33.71382314288105,28.07543825815635,34.49888855197963,0.559689998626709
step,0.5,gauss,7,GLR,44.46876503408315,35.04512229113189,45.84305646829816,0.6121881008148193
step,0.5,gauss,7,Prior-v1,11.905182916835289,10.302269298278887,12.120191838641137,4.739962339401245
step,0.5,gauss,7,Prior-v2,46.043483662172754,35.554870477273184,47.59361498246152,4.643738508224487
step,0.5,gauss,19,Bilateral,13.070320329697783,10.835033776193558,13.422646159317997,0.7113513946533203
step,0.5,gauss,19,MLS,33.78309902051002,28.097061510346634,34.71057216228126,0.5408773422241211
step,0.5,gauss,19,GLR,44.35793633071059,35.321872086813336,45.896491336886704,0.5980823040008545
step,0.5,gauss,19,Prior-v1,12.008014527839329,9.91964710166191,12.33680909316327,4.699471473693848
step,0.5,gauss,19,Prior-v2,45.465466265166086,33.403564018206254,47.58716194877092,4.6727988719940186
step,0.5,gauss,101,Bilateral,12.888338888702188,10.680372403224048,13.224116373153393,0.6876096725463867
step,0.5,gauss,101,MLS,33.331208211088146,27.448151214291805,34.258329051538304,0.5463583469390869
step,0.5,gauss,101,GLR,43.90967594162056,34.90549712045382,45.38702720119521,0.5933938026428223
step,0.5,gauss,101,Prior-v1,11.852659648494013,9.620717539436875,12.192078233993698,4.649363994598389
step,0.5,gauss,101,Prior-v2,46.64528086600433,33.063779418516745,48.991591888195515,4.660860538482666
step,1.0,gauss,7,Bilateral,6.904273595119292,6.11024584655585,7.005831352245728,0.7122213840484619
step,1.0,gauss,7,MLS,20.262017501932984,17.746142081587134,20.587980234544524,0.5499019622802734
step,1.0,gauss,7,GLR,28.42196156867417,24.680423937883145,28.91234709422532,0.6180291175842285
step,1.0,gauss,7,Prior-v1,5.112127567146585,4.416776599477168,5.201004325325087,4.535486936569214
step,1.0,gauss,7,Prior-v2,35.34076410759576,30.07894277447891,36.0415887012178,4.560600280761719
step,1.0,gauss,19,Bilateral,6.996841725986447,5.9705571957894605,7.146818593867332,0.7161679267883301
step,1.0,gauss,19,MLS,20.336154878561786,17.184159536543618,20.80430798255871,0.5745546817779541
step,1.0,gauss,19,GLR,28.494586760723138,23.62836020358383,29.229061653964205,0.6526899337768555
step,1.0,gauss,19,Prior-v1,5.22698673424824,4.139478811445496,5.3859504420160516,4.543153285980225
step,1.0,gauss,19,Prior-v2,37.35457260811813,31.8319000792177,38.19757949167931,4.5270984172821045
step,1.0,gauss,101,Bilateral,6.9265265443876896,6.31661387507333,7.011092343785618,0.7140021324157715
step,1.0,gauss,101,MLS,20.084158596583933,17.789323096404676,20.406360595443594,0.5669682025909424
step,1.0,gauss,101,GLR,28.085590492426917,24.6839011572176,28.56822173092072,0.6158945560455322
step,1.0,gauss,101,Prior-v1,5.106785753279242,4.162668142183989,5.2379424734828595,4.582919597625732
step,1.0,gauss,101,Prior-v2,36.74639276731986,30.99971767003158,37.58179636286128,4.624764919281006
corner,0.5,gauss,7,Bilateral,11.06011952650765,9.561702451771904,11.292651409443256,0.7045187950134277
corner,0.5,gauss,7,MLS,30.13758483405735,26.18235429372785,30.76548323830699,0.5571177005767822
corner,0.5,gauss,7,GLR,40.8412467732355,34.486435051926314,41.879468320289334,0.6166861057281494
corner,0.5,gauss,7,Prior-v1,10.064204027832757,8.68422379397954,10.278171432766058,4.74479079246521
corner,0.5,gauss,7,Prior-v2,45.50896806893333,35.3178510845661,47.249475305476615,4.653703451156616
corner,0.5,gauss,19,Bilateral,10.76966733485374,9.262281472196577,11.02551958054917,0.7118496894836426
corner,0.5,gauss,19,MLS,29.14064977464934,25.639089415443593,29.74628400287157,0.548337459564209
corner,0.5,gauss,19,GLR,39.46377858161547,33.949558803982995,40.44064191969877,0.6147425174713135
corner,0.5,gauss,19,Prior-v1,9.673154489339275,8.134375550092198,9.934356802219302,4.726311206817627
corner,0.5,gauss,19,Prior-v2,42.98066552273553,35.14797971046725,44.405317237713774,4.742510557174683
corner,0.5,gauss,101,Bilateral,10.798500045833459,9.320374133696474,11.046582847169207,0.7201566696166992
corner,0.5,gauss,101,MLS,29.38597083437977,25.773601882906117,30.004506300924373,0.5692002773284912
corner,0.5,gauss,101,GLR,39.86677367502146,34.14971838241384,40.87064798073755,0.6193206310272217
corner,0.5,gauss,101,Prior-v1,9.658973684789085,8.204928976703762,9.902947397658423,4.7082765102386475
corner,0.5,gauss,101,Prior-v2,46.70063102308498,36.71062381767592,48.54889446693902,4.71662163734436
corner,1.0,gauss,7,Bilateral,5.52193226646841,4.9210128821379095,5.608328551453933,0.7144181728363037
corner,1.0,gauss,7,MLS,16.284694076034878,14.270078256286656,16.57727606361581,0.5723474025726318
corner,1.0,gauss,7,GLR,23.104058516921555,20.04477227365944,23.552332440758605,0.6316592693328857
corner,1.0,gauss,7,Prior-v1,3.4424617278271508,2.8412318703796458,3.528896053186248,4.47597074508667
corner,1.0,gauss,7,Prior-v2,30.01299916151805,24.78102869325832,30.79487243823511,4.46697211265564
corner,1.0,gauss,19,Bilateral,5.444024297612138,4.756307185486364,5.552454794001993,0.7259995937347412
corner,1.0,gauss,19,MLS,15.980403752994455,14.005212614873152,16.294753750463855,0.5850484371185303
corner,1.0,gauss,19,GLR,22.606598225662456,19.58206191659042,23.092271227086904,0.6126337051391602
corner,1.0,gauss,19,Prior-v1,3.4907595072642184,2.6329890522630794,3.6261279871750762,4.5244362354278564
corner,1.0,gauss,19,Prior-v2,29.775348168068138,25.604422422393856,30.452924507440503,4.489670753479004
corner,1.0,gauss,101,Bilateral,5.402565575000251,4.833874976514608,5.489175253076118,0.7255692481994629
corner,1.0,gauss,101,MLS,16.188875999888907,14.406739934135903,16.46267500617181,0.57065749168396
corner,1.0,gauss,101,GLR,22.846049664290614,20.432223174407028,23.21903019455087,0.619502067565918
corner,1.0,gauss,101,Prior-v1,3.4213443006987143,2.763068051930362,3.5216439380650333,4.424293518066406
corner,1.0,gauss,101,Prior-v2,31.27755353342485,27.285247509423282,31.90392306830073,4.418769836425781
cross,0.5,gauss,7,Bilateral,13.902384892781583,12.19194603631557,14.067072253348556,0.691673994064331
cross,0.5,gauss,7,MLS,35.07336901522697,29.623624346785714,35.616488706047576,0.5554778575897217
cross,0.5,gauss,7,GLR,45.2512188492358,34.87085400810939,46.34454598853524,0.6171581745147705
cross,0.5,gauss,7,Prior-v1,12.792201822394434,11.424141043645598,12.923624548544932,4.698711633682251
cross,0.5,gauss,7,Prior-v2,44.751824694535856,32.69135743816028,46.040948915627,4.65503716468811
cross,0.5,gauss,19,Bilateral,13.87767964278429,11.81675452606392,14.106413009538999,0.7049603462219238
cross,0.5,gauss,19,MLS,34.79503316374761,29.6108587488087,35.38811416681037,0.5454473495483398
cross,0.5,gauss,19,GLR,44.852956943300306,36.21469675433303,45.88280437381026,0.6160004138946533
cross,0.5,gauss,19,Prior-v1,12.861329155751966,10.947801344326036,13.07347322547383,4.6819374561309814
cross,0.5,gauss,19,Prior-v2,44.6033384459255,32.11591936008757,46.14671306012511,4.676523923873901
cross,0.5,gauss,101,Bilateral,13.838097696913387,11.747271525096437,14.0617270951103,0.708935022354126
cross,0.5,gauss,101,MLS,34.993436937544466,28.463671855347194,35.72126176602515,0.5493149757385254
cross,0.5,gauss,101,GLR,45.043508284449544,34.33321712007397,46.29832233977944,0.5985937118530273
cross,0.5,gauss,101,Prior-v1,12.800048728836245,10.661565167093068,13.028807751230765,4.725550174713135
cross,0.5,gauss,101,Prior-v2,45.782488895634785,33.88659879728829,47.194065957533525,4.741071939468384
cross,1.0,gauss,7,Bilateral,7.460788967154974,7.00964435382283,7.50111338171584,0.7208878993988037
cross,1.0,gauss,7,MLS,21.380832317007748,19.678780532885188,21.53435521403628,0.5619797706604004
cross,1.0,gauss,7,GLR,29.880015729546606,26.844311973357005,30.157040813422064,0.6208257675170898
cross,1.0,gauss,7,Prior-v1,5.814716894270633,5.136517355614412,5.875412684639003,4.511322736740112
cross,1.0,gauss,7,Prior-v2,36.36956588388689,33.089492665347684,36.67021708405521,4.624587774276733
cross,1.0,gauss,19,Bilateral,7.523396895411705,6.193181731809128,7.667727499059341,0.7034509181976318
cross,1.0,gauss,19,MLS,21.605518893407616,18.103482718637153,21.9918599716162,0.5665225982666016
cross,1.0,gauss,19,GLR,30.201358778201094,25.096164821942637,30.773337020413372,0.6391451358795166
cross,1.0,gauss,19,Prior-v1,5.83672895266516,4.09484159735184,6.026155447896231,4.584081172943115
cross,1.0,gauss,19,Prior-v2,37.46990523926166,30.009732800124457,38.32671264235194,4.487638235092163
cross,1.0,gauss,101,Bilateral,7.351094856018159,6.4756606619889245,7.439482112840667,0.7225978374481201
cross,1.0,gauss,101,MLS,21.40325095176845,18.131561055887403,21.739421848332874,0.5692734718322754
cross,1.0,gauss,101,GLR,30.01129654929925,24.938958246751653,30.541236318426435,0.6358790397644043
cross,1.0,gauss,101,Prior-v1,5.730337571799316,4.645619961743009,5.839978507413035,4.5629918575286865
cross,1.0,gauss,101,Prior-v2,37.243267411682424,32.325225650013365,37.75871386511898,4.577712535858154
ripple,0.5,gauss,7,Bilateral,11.421716509035507,nan,11.421716509035507,0.6889111995697021
ripple,0.5,gauss,7,MLS,27.043453234611526,nan,27.043453234611526,0.5759212970733643
ripple,0.5,gauss,7,GLR,31.730798739005028,nan,31.730798739005028,0.6156105995178223
ripple,0.5,gauss,7,Prior-v1,10.748596922720077,nan,10.748596922720077,4.619380712509155
ripple,0.5,gauss,7,Prior-v2,30.498161675996283,nan,30.498161675996283,4.590106964111328
ripple,0.5,gauss,19,Bilateral,11.3818990410678,nan,11.3818990410678,0.7207193374633789
ripple,0.5,gauss,19,MLS,26.473498653639894,nan,26.473498653639894,0.5463168621063232
ripple,0.5,gauss,19,GLR,30.485726970421666,nan,30.485726970421666,0.6207098960876465
ripple,0.5,gauss,19,Prior-v1,10.496857652378244,nan,10.496857652378244,4.647936582565308
ripple,0.5,gauss,19,Prior-v2,28.812323484296876,nan,28.812323484296876,4.66224217414856
ripple,0.5,gauss,101,Bilateral,11.377164697402431,nan,11.377164697402431,0.7200028896331787
ripple,0.5,gauss,101,MLS,26.65985392018283,nan,26.65985392018283,0.5637881755828857
ripple,0.5,gauss,101,GLR,30.418591853876563,nan,30.418591853876563,0.6177365779876709
ripple,0.5,gauss,101,Prior-v1,10.80629461707363,nan,10.80629461707363,4.636219263076782
ripple,0.5,gauss,101,Prior-v2,29.615708022476372,nan,29.615708022476372,4.578817367553711
ripple,1.0,gauss,7,Bilateral,5.917428325592788,nan,5.917428325592788,0.7103402614593506
ripple,1.0,gauss,7,MLS,16.60516653650238,nan,16.60516653650238,0.5723516941070557
ripple,1.0,gauss,7,GLR,22.570631453884193,nan,22.570631453884193,0.6267120838165283
ripple,1.0,gauss,7,Prior-v1,4.144527623031713,nan,4.144527623031713,4.448768615722656
ripple,1.0,gauss,7,Prior-v2,26.266516315931664,nan,26.266516315931664,4.461320638656616
ripple,1.0,gauss,19,Bilateral,5.820725982096797,nan,5.820725982096797,0.7203001976013184
ripple,1.0,gauss,19,MLS,16.262967276058117,nan,16.262967276058117,0.5657932758331299
ripple,1.0,gauss,19,GLR,21.99605699552869,nan,21.99605699552869,0.6117198467254639
ripple,1.0,gauss,19,Prior-v1,4.143423880722585,nan,4.143423880722585,4.409647703170776
ripple,1.0,gauss,19,Prior-v2,25.169003352306508,nan,25.169003352306508,4.390622615814209
ripple,1.0,gauss,101,Bilateral,5.808839808574806,nan,5.808839808574806,0.708789587020874
ripple,1.0,gauss,101,MLS,16.42363965319643,nan,16.42363965319643,0.5682876110076904
ripple,1.0,gauss,101,GLR,22.188194221294687,nan,22.188194221294687,0.6185672283172607
ripple,1.0,gauss,101,Prior-v1,4.179972496761142,nan,4.179972496761142,4.412582635879517
ripple,1.0,gauss,101,Prior-v2,26.30137678676934,nan,26.30137678676934,4.441504240036011
sheets,0.5,gauss,7,Bilateral,13.297535349893131,nan,13.297535349893131,0.6761319637298584
sheets,0.5,gauss,7,MLS,32.022769334576125,nan,32.022769334576125,0.5427873134613037
sheets,0.5,gauss,7,GLR,39.86100701877232,nan,39.86100701877232,0.6020402908325195
sheets,0.5,gauss,7,Prior-v1,12.51761371474207,nan,12.51761371474207,4.740792751312256
sheets,0.5,gauss,7,Prior-v2,29.152543319617696,nan,29.152543319617696,4.646758079528809
sheets,0.5,gauss,19,Bilateral,13.826138822367206,nan,13.826138822367206,0.7163448333740234
sheets,0.5,gauss,19,MLS,33.26252827267948,nan,33.26252827267948,0.5648291110992432
sheets,0.5,gauss,19,GLR,41.74554149194268,nan,41.74554149194268,0.6216399669647217
sheets,0.5,gauss,19,Prior-v1,12.83550587840454,nan,12.83550587840454,4.816889762878418
sheets,0.5,gauss,19,Prior-v2,30.53264862986971,nan,30.53264862986971,4.701188802719116
sheets,0.5,gauss,101,Bilateral,13.730250727696102,nan,13.730250727696102,0.7233505249023438
sheets,0.5,gauss,101,MLS,33.135491343736234,nan,33.135491343736234,0.5714271068572998
sheets,0.5,gauss,101,GLR,41.40629609757188,nan,41.40629609757188,0.6077408790588379
sheets,0.5,gauss,101,Prior-v1,12.92565451160993,nan,12.92565451160993,4.787782669067383
sheets,0.5,gauss,101,Prior-v2,29.300733497645183,nan,29.300733497645183,4.6952760219573975
sheets,1.0,gauss,7,Bilateral,5.410170012620352,nan,5.410170012620352,0.7242553234100342
sheets,1.0,gauss,7,MLS,15.139093793728742,nan,15.139093793728742,0.5610523223876953
sheets,1.0,gauss,7,GLR,20.18288376374866,nan,20.18288376374866,0.6276183128356934
sheets,1.0,gauss,7,Prior-v1,4.269314693278781,nan,4.269314693278781,4.5684590339660645
sheets,1.0,gauss,7,Prior-v2,22.840386957558835,nan,22.840386957558835,4.5452916622161865
sheets,1.0,gauss,19,Bilateral,5.5146618996674395,nan,5.5146618996674395,0.742647647857666
sheets,1.0,gauss,19,MLS,15.247428956124553,nan,15.247428956124553,0.5730445384979248
sheets,1.0,gauss,19,GLR,20.1193757634219,nan,20.1193757634219,0.6331150531768799
sheets,1.0,gauss,19,Prior-v1,4.264764536285082,nan,4.264764536285082,4.561376333236694
sheets,1.0,gauss,19,Prior-v2,23.278261181710036,nan,23.278261181710036,4.5668721199035645
sheets,1.0,gauss,101,Bilateral,5.409151749588414,nan,5.409151749588414,0.7296247482299805
sheets,1.0,gauss,101,MLS,14.958735253511257,nan,14.958735253511257,0.579357385635376
sheets,1.0,gauss,101,GLR,19.839834908134236,nan,19.839834908134236,0.6469411849975586
sheets,1.0,gauss,101,Prior-v1,4.124171173975554,nan,4.124171173975554,4.562994480133057
sheets,1.0,gauss,101,Prior-v2,22.155180086491022,nan,22.155180086491022,4.50855565071106
ridge90-grad,0.5,gauss,7,Bilateral,13.610454895220448,11.179683364382543,13.755716556967002,0.7046873569488525
ridge90-grad,0.5,gauss,7,MLS,34.71210940045351,27.64652458035297,35.15213167464607,0.5760941505432129
ridge90-grad,0.5,gauss,7,GLR,45.62902036727932,34.50078331998244,46.35617794472884,0.6557950973510742
ridge90-grad,0.5,gauss,7,Prior-v1,12.422780086456953,10.051806850373257,12.564389301813716,4.804959297180176
ridge90-grad,0.5,gauss,7,Prior-v2,46.33919654501732,29.221452962764538,47.52087600787258,4.798075914382935
ridge90-grad,0.5,gauss,19,Bilateral,13.544559480684304,11.775329744996888,13.631222190036752,0.7134814262390137
ridge90-grad,0.5,gauss,19,MLS,34.716518075580396,28.437467070234845,35.03623585733837,0.5687758922576904
ridge90-grad,0.5,gauss,19,GLR,45.57488854545441,34.534794275005076,46.16741436767392,0.6188714504241943
ridge90-grad,0.5,gauss,19,Prior-v1,12.453312688047468,10.453653610316426,12.551383600919298,4.770997524261475
ridge90-grad,0.5,gauss,19,Prior-v2,46.41995021986731,28.559191614245726,47.43950422714575,4.742287874221802
ridge90-grad,0.5,gauss,101,Bilateral,13.64403974838958,12.62468901300069,13.696565127351167,0.7072029113769531
ridge90-grad,0.5,gauss,101,MLS,35.01979991039119,29.932693939014467,35.29107603208471,0.5568065643310547
ridge90-grad,0.5,gauss,101,GLR,45.917206048295654,36.072820437988796,46.470048507198754,0.6418490409851074
ridge90-grad,0.5,gauss,101,Prior-v1,12.51876283962604,11.324757399778452,12.580347234811551,4.809113502502441
ridge90-grad,0.5,gauss,101,Prior-v2,47.90343879665504,32.74628217211999,48.80027731100517,4.754371643066406
ridge90-grad,1.0,gauss,7,Bilateral,7.403656046698847,6.035137739869045,7.481756730112387,0.7007818222045898
ridge90-grad,1.0,gauss,7,MLS,21.251289146614273,16.719210398382835,21.515756147023847,0.5785872936248779
ridge90-grad,1.0,gauss,7,GLR,29.787176046387575,22.85454398638417,30.20034671206686,0.6342403888702393
ridge90-grad,1.0,gauss,7,Prior-v1,5.687993879472764,4.076282126186969,5.780085068517382,4.56027364730835
ridge90-grad,1.0,gauss,7,Prior-v2,37.12635215822691,27.14947773010271,37.739122979036836,4.6076500415802
ridge90-grad,1.0,gauss,19,Bilateral,7.428894405680575,7.023592975306969,7.447093070325572,0.7124640941619873
ridge90-grad,1.0,gauss,19,MLS,21.421479916779518,19.83685255149109,21.49321829309514,0.5653567314147949
ridge90-grad,1.0,gauss,19,GLR,30.03518494032591,26.955072857940465,30.17635084460698,0.6275053024291992
ridge90-grad,1.0,gauss,19,Prior-v1,5.696534560825539,5.233884077833872,5.717314003187468,4.553141355514526
ridge90-grad,1.0,gauss,19,Prior-v2,37.90899943741866,31.369143753443307,38.21817797822317,4.604176998138428
ridge90-grad,1.0,gauss,101,Bilateral,7.381934908666832,7.058788658369474,7.397501468934498,0.6991782188415527
ridge90-grad,1.0,gauss,101,MLS,21.25992195684151,19.073594834104867,21.366580924058876,0.5636193752288818
ridge90-grad,1.0,gauss,101,GLR,29.79130349716872,26.045522071160853,29.976464271779168,0.6417677402496338
ridge90-grad,1.0,gauss,101,Prior-v1,5.685585576646424,5.3865985720997545,5.699985937384322,4.548527479171753
ridge90-grad,1.0,gauss,101,Prior-v2,37.10754169952584,32.98638851691117,37.31252950984414,4.649280309677124
